딸기주스,딸기-200,물-50,시럽-20,얼음-100
바나나주스,바나나-2,우유-100,얼음-100
딸기바나나주스,딸기-100,바나나-1,우유-50,시럽-10,얼음-100
키위주스,키위-3,물-50,시럽-20,얼음-100
토마토주스,토마토-2,물-50,시럽-10,얼음-100
오렌지주스,오렌지-3,얼음-100
수박주스,수박-300,얼음-100
망고주스,냉동망고-200,물-100,시럽-20,얼음-100
블루베리주스,냉동블루베리-150,우유-100,꿀-15,얼음-100
케일사과주스,케일-20,사과-1,물-50
당근사과주스,당근-1,사과-1,물-50
비트사과주스,비트-50,사과-1,물-50
청포도케일주스,청포도-150,케일-20,물-50
아보카도바나나,아보카도-0.5,바나나-1,우유-150
abc주스,사과-1,비트-30,당근-0.5,물-50
배도라지즙,배-0.5,도라지청-30,물-100
레몬디톡스워터,물-400,레몬-0.5
자몽디톡스워터,물-400,자몽-0.25
코코넛워터,코코넛워터팩-1,얼음-100
프로틴쉐이크,우유-250,프로틴파우더-40