아메리칸브랙퍼스트,식빵-2,계란-2,베이컨-2,소시지-1,샐러드믹스-30
에그베네딕트,잉글리쉬머핀-1,수란-2,베이컨-2,홀랜다이즈소스-30
프렌치토스트,식빵-2,계란물-100,메이플시럽-30,슈가파우더-5
팬케이크,팬케이크믹스-150,우유-50,메이플시럽-30,버터-10
클럽샌드위치,식빵-3,닭가슴살-50,토마토슬라이스-2,상추-2,치즈-1
햄치즈샌드위치,식빵-2,슬라이스햄-2,체다치즈-1,양상추-20,머스타드소스-10
카야토스트,식빵-2,카야잼-30,버터조각-2
리코타치즈샐러드,샐러드믹스-100,리코타치즈-50,발사믹드레싱-30,크랜베리-10,아몬드슬라이스-5
닭가슴살샐러드,샐러드믹스-100,닭가슴살-100,오리엔탈드레싱-30,방울토마토-3
콥샐러드,샐러드믹스-80,옥수수콘-20,계란-1,아보카도-0.5,올리브-5,랜치드레싱-30
양송이스프,양송이스프팩-1,크루통-10,파슬리-1
단호박스프,단호박스프팩-1,크루통-10
토마토파스타,파스타면-100,토마토소스-150,마늘-10
크림파스타,파스타면-100,크림소스-150,베이컨-20,양파-20
로제파스타,파스타면-100,로제소스-150,새우-3
불고기파니니,치아바타-1,불고기-80,모짜렐라치즈-40
토마토모짜렐라파니니,치아바타-1,토마토슬라이스-3,모짜렐라치즈-50,바질페스토-10
아이스아메리카노(세트),물-250,에스프레소샷-2,얼음-150
오렌지주스(세트),오렌지-2,얼음-100
우유(세트),우유-200