얼그레이티,뜨거운물-300,얼그레이티백-1
캐모마일티,뜨거운물-300,캐모마일티백-1
페퍼민트티,뜨거운물-300,페퍼민트티백-1
루이보스티,뜨거운물-300,루이보스티백-1
히비스커스티,뜨거운물-300,히비스커스티백-1
유자차,뜨거운물-250,유자청-50
모과차,뜨거운물-250,모과청-50
생강차,뜨거운물-250,생강청-40,대추채-2
대추차,뜨거운물-250,대추고-60,잣-5
오미자차,뜨거운물-250,오미자청-50
매실차,뜨거운물-250,매실청-50
쌍화차,뜨거운물-200,쌍화원액-60,노른자-1,잣-5
식혜,식혜베이스-250,얼음-50
수정과,수정과베이스-250,곶감-1,잣-3
밀크티,우유-200,홍차시럽-40,얼음-150
버블티,우유-200,블랙티파우더-40,타피오카펄-50,얼음-100
타로버블티,우유-200,타로파우더-40,타피오카펄-50,얼음-100
흑당버블티,우유-200,흑당시럽-40,타피오카펄-50,얼음-100
말차라떼,우유-200,말차파우더-30,얼음-150
호박식혜,호박식혜베이스-250,얼음-50